question_id,level,domain,architecture,accuracy,hallucination_risk,traceability,error_handling,latency_s,total_tokens,accuracy_detail,hallucination_detail,traceability_detail,error_handling_detail,latency_detail,answer_preview
Q001,1,NVD,D_Toolformer,0.5,0.0,0.0,1.0,13.909,4247,"3/6 keywords: encontradas=['10.0', '10', 'crítica'], faltantes=['critical', 'log4shell', 'log4j']",Sin señales de alucinación detectadas,"Markers texto: [] | Fuente estructurada: api_source=False, seed_nodes=False, sql=False",Sin errores detectados en el pipeline,total_react=13.91s iterations=2,"La vulnerabilidad CVE-2021-44228 tiene un score CVSS v3 de 10.0, lo que la clasifica como crítica. Este score se basa en varios factores, incluyendo un vector de ataque de red, complejidad baja, sin privilegios requeridos y sin interacción del usuario. Además, tiene un impacto alto en la confidencia…"
Q002,1,NVD,D_Toolformer,0.2,0.0,0.0,1.0,5.431,2792,"1/5 keywords: encontradas=['smb'], faltantes=['critical', 'crítica', '9.8', 'eternalblue']",Sin señales de alucinación detectadas,"Markers texto: [] | Fuente estructurada: api_source=False, seed_nodes=False, sql=False",Sin errores detectados en el pipeline,total_react=5.43s iterations=1,"El CVE-2017-0144 tiene un score CVSS v3 de 8.8, lo que se clasifica como severidad ""HIGH"". Esta vulnerabilidad permite a atacantes remotos ejecutar código arbitrario a través de paquetes manipulados en el servidor SMBv1 de varias versiones de Microsoft Windows."
Q003,1,NVD,D_Toolformer,0.6,0.0,0.25,1.0,5.006,2767,"3/5 keywords: encontradas=['outlook', 'microsoft', 'privilege'], faltantes=['ntlm', 'hash']",Sin señales de alucinación detectadas,"Markers texto: ['según'] | Fuente estructurada: api_source=False, seed_nodes=False, sql=False",Sin errores detectados en el pipeline,total_react=5.01s iterations=1,"El CVE-2023-23397 es una vulnerabilidad de elevación de privilegios en Microsoft Outlook, identificada como ""Microsoft Outlook Elevation of Privilege Vulnerability"". Esta vulnerabilidad tiene un puntaje CVSS de 9.8, lo que la clasifica como crítica. El vector de ataque es a través de la red, con una…"
Q004,1,NVD,D_Toolformer,0.25,0.0,0.5,1.0,12.292,4931,"1/4 keywords: encontradas=['log4j'], faltantes=['CWE-917', 'CWE-400', 'injection']",Sin señales de alucinación detectadas,"Markers texto: ['nvd', 'base de datos'] | Fuente estructurada: api_source=False, seed_nodes=False, sql=False",Sin errores detectados en el pipeline,total_react=12.29s iterations=2,"No se han registrado debilidades CWE específicas asociadas a CVE-2021-44228 en la base de datos NVD/CVE. Esto indica que, a pesar de que CVE-2021-44228, conocido como ""Log4Shell"", es una vulnerabilidad crítica en la biblioteca Apache Log4j, no se han documentado debilidades CWE relacionadas en la ba…"
Q005,1,NVD,D_Toolformer,0.2,0.0,0.0,1.0,4.574,2639,"1/5 keywords: encontradas=['2022'], faltantes=['mayo', 'may', 'follina', 'msdt']",Sin señales de alucinación detectadas,"Markers texto: [] | Fuente estructurada: api_source=False, seed_nodes=False, sql=False",Sin errores detectados en el pipeline,total_react=4.57s iterations=1,La vulnerabilidad CVE-2022-30190 fue publicada el 1 de junio de 2022 a las 20:15:07 UTC.
Q006,1,NVD,D_Toolformer,0.5,0.0,0.0,1.0,6.471,2799,"2/4 keywords: encontradas=['confluence', 'AV:N'], faltantes=['atlassian', 'network']",Sin señales de alucinación detectadas,"Markers texto: [] | Fuente estructurada: api_source=False, seed_nodes=False, sql=False",Sin errores detectados en el pipeline,total_react=6.47s iterations=1,"El vector CVSS v3 de CVE-2021-26084 es ""CVSS:3.1/AV:N/AC:L/PR:N/UI:N/S:U/C:H/I:H/A:H"". Este CVE tiene un puntaje base de 9.8, lo que indica que es considerado crítico. La vulnerabilidad permite a un atacante no autenticado ejecutar código arbitrario en instancias afectadas de Confluence Server y Dat…"
Q007,1,NVD,D_Toolformer,0.75,0.0,0.25,1.0,9.828,2003,"3/4 keywords: encontradas=['critical', '2024', 'vulnerabilidades'], faltantes=['crítica']",Sin señales de alucinación detectadas,"Markers texto: ['base de datos'] | Fuente estructurada: api_source=False, seed_nodes=False, sql=False",Sin errores detectados en el pipeline,total_react=9.83s iterations=1,"En la base de datos local del año 2024, existen un total de 3,671 vulnerabilidades clasificadas con severidad CRITICAL."
Q008,1,NVD,D_Toolformer,0.5,0.0,0.0,1.0,14.946,2512,"2/4 keywords: encontradas=['10.0', '2023'], faltantes=['9.9', 'critical']",Sin señales de alucinación detectadas,"Markers texto: [] | Fuente estructurada: api_source=False, seed_nodes=False, sql=False",Sin errores detectados en el pipeline,total_react=14.95s iterations=1,"En 2023, las 5 vulnerabilidades con mayor puntaje CVSS v3 son las siguientes, todas con un puntaje de 10.0, lo que indica que son críticas:

1. **CVE-2023-52181**
   - **CVSS v3 Score:** 10.0
   - **Fecha de publicación:** 31 de diciembre de 2023

2. **CVE-2023-51475**
   - **CVSS v3 Score:** 10.0
 …"
Q009,1,NVD,D_Toolformer,0.3333,0.0,0.25,1.0,9.182,1983,"1/3 keywords: encontradas=['CWE-79'], faltantes=['cross-site scripting', 'xss']",Sin señales de alucinación detectadas,"Markers texto: ['base de datos'] | Fuente estructurada: api_source=False, seed_nodes=False, sql=False",Sin errores detectados en el pipeline,total_react=9.18s iterations=1,"Hay un total de 23,624 vulnerabilidades asociadas a la debilidad CWE-79 en la base de datos local."
Q010,1,NVD,D_Toolformer,0.3333,0.0,0.25,1.0,4.701,2747,"2/6 keywords: encontradas=['7.5', 'http/2'], faltantes=['high', 'alto', 'dos', 'denial']",Sin señales de alucinación detectadas,"Markers texto: ['api'] | Fuente estructurada: api_source=False, seed_nodes=False, sql=False",Sin errores detectados en el pipeline,total_react=4.70s iterations=1,"El CVE-2023-44487, conocido como ""HTTP/2 Rapid Reset"", tiene un score CVSS v3 de 7.5, lo que se clasifica como severidad alta. Este CVE permite una denegación de servicio debido al consumo de recursos del servidor, ya que la cancelación de solicitudes puede restablecer muchas transmisiones rápidamen…"
Q011,1,MITRE,D_Toolformer,0.4,0.0,0.5,1.0,7.678,8590,"2/5 keywords: encontradas=['execution', 'T1059'], faltantes=['ejecución', 'command', 'scripting']",Sin señales de alucinación detectadas,"Markers texto: ['mitre', 'att&ck'] | Fuente estructurada: api_source=False, seed_nodes=False, sql=False",Sin errores detectados en el pipeline,total_react=7.68s iterations=3,"La técnica T1059 se clasifica en la táctica de ""execution"" dentro del marco MITRE ATT&CK. Esta técnica incluye varias variantes, como T1059.006 (Python), T1059.008 (Network Device CLI) y T1059.004 (Unix Shell), todas las cuales permiten a los adversarios abusar de comandos y scripts para ejecutar ac…"
Q012,1,MITRE,D_Toolformer,0.6,0.0,0.5,1.0,3.99,2627,"3/5 keywords: encontradas=['phishing', 'spearphishing', 'T1566'], faltantes=['correo', 'email']",Sin señales de alucinación detectadas,"Markers texto: ['mitre', 'att&ck'] | Fuente estructurada: api_source=False, seed_nodes=False, sql=False",Sin errores detectados en el pipeline,total_react=3.99s iterations=1,"La técnica MITRE ATT&CK T1566.004, conocida como ""Spearphishing Voice"", se refiere a un método en el que los adversarios utilizan comunicaciones de voz para acceder a los sistemas de las víctimas. Esta técnica es una variante específica del spearphishing y se diferencia de otras formas de spearphish…"
Q013,1,MITRE,D_Toolformer,1.0,0.0,0.5,0.3,6.609,9810,"3/3 keywords: encontradas=['valid accounts', 'cuentas válidas', 'T1078'], faltantes=[]",Sin señales de alucinación detectadas,"Markers texto: ['mitre', 'att&ck', 'base de datos'] | Fuente estructurada: api_source=False, seed_nodes=False, sql=False",Error presente — la respuesta no lo reconoce explícitamente,total_react=6.61s iterations=4,"La información recopilada no incluye el nombre de la técnica MITRE ATT&CK con ID T1078. Para obtener esa información, se recomienda consultar directamente la base de datos de MITRE ATT&CK. Sin embargo, puedo decirte que T1078 generalmente se refiere a ""Valid Accounts"", que implica el uso de cuentas …"
Q014,1,MITRE,D_Toolformer,1.0,0.0,0.25,0.3,6.358,9913,"3/3 keywords: encontradas=['windows', 'T1059.001', 'powershell'], faltantes=[]",Sin señales de alucinación detectadas,"Markers texto: ['nist'] | Fuente estructurada: api_source=False, seed_nodes=False, sql=False",Error presente — la respuesta no lo reconoce explícitamente,total_react=6.36s iterations=4,"La técnica T1059.001, que se refiere al uso de PowerShell, afecta principalmente a plataformas que utilizan el sistema operativo Windows, ya que PowerShell es una herramienta de automatización y configuración de tareas que está integrada en Windows. Esta técnica puede ser utilizada por atacantes par…"
Q015,1,MITRE,D_Toolformer,0.6,0.0,0.5,1.0,3.743,2757,"3/5 keywords: encontradas=['impact', 'T1486', 'encrypted'], faltantes=['impacto', 'ransomware']",Sin señales de alucinación detectadas,"Markers texto: ['mitre', 'att&ck'] | Fuente estructurada: api_source=False, seed_nodes=False, sql=False",Sin errores detectados en el pipeline,total_react=3.74s iterations=1,"La técnica T1486 (Data Encrypted for Impact) se encuentra en la táctica ""Impact"" (TA0040) del marco MITRE ATT&CK, que se centra en la manipulación, interrupción o destrucción de sistemas y datos."
Q016,1,MITRE,D_Toolformer,0.1667,0.0,0.25,0.3,7.969,9906,"1/6 keywords: encontradas=['MFA'], faltantes=['multi-factor', 'privileged', 'password', 'M1032', 'M1027']",Sin señales de alucinación detectadas,"Markers texto: ['nist'] | Fuente estructurada: api_source=False, seed_nodes=False, sql=False",Error presente — la respuesta no lo reconoce explícitamente,total_react=7.97s iterations=4,"La técnica T1078 (Valid Accounts) se refiere al uso de cuentas válidas para acceder a sistemas y redes, lo que puede ser un vector de ataque significativo. Para mitigar esta técnica, se pueden implementar las siguientes estrategias:

1. **Gestión de Cuentas Privilegiadas (M1026)**: Implementar polít…"
Q017,1,MITRE,D_Toolformer,0.75,0.0,0.0,0.8,3.216,2863,"3/4 keywords: encontradas=['sub-técnica', 'T1059', 'scripting'], faltantes=['subtechnique']",Sin señales de alucinación detectadas,"Markers texto: [] | Fuente estructurada: api_source=False, seed_nodes=False, sql=False",Error presente pero reconocido honestamente en la respuesta,total_react=3.22s iterations=1,"La técnica T1059 (Command and Scripting Interpreter) tiene al menos una sub-técnica documentada, que es T1059.006 — Python. Sin embargo, no se ha proporcionado información sobre el número total de sub-técnicas que tiene T1059. Por lo tanto, con la información disponible, no puedo determinar cuántas …"
Q018,1,MITRE,D_Toolformer,0.0,0.0,0.0,0.3,8.294,9324,"0/3 keywords: encontradas=[], faltantes=['initial access', 'acceso inicial', 'TA0001']",Sin señales de alucinación detectadas,"Markers texto: [] | Fuente estructurada: api_source=False, seed_nodes=False, sql=False",Error presente — la respuesta no lo reconoce explícitamente,total_react=8.29s iterations=4,"La táctica que corresponde a la fase inicial de un ataque, donde el adversario intenta entrar en la red, se relaciona con la técnica de ""Discovery"" (descubrimiento). En particular, el patrón de ataque T1033 — System Owner/User Discovery, se refiere a cómo los adversarios pueden intentar identificar …"
Q019,1,NVD,D_Toolformer,0.8,0.0,0.25,1.0,6.754,2776,"4/5 keywords: encontradas=['palo alto', 'pan-os', 'firewall', '10.0'], faltantes=['critical']",Sin señales de alucinación detectadas,"Markers texto: ['según'] | Fuente estructurada: api_source=False, seed_nodes=False, sql=False",Sin errores detectados en el pipeline,total_react=6.75s iterations=1,"La vulnerabilidad CVE-2024-3400 ha sido analizada y se publicó el 12 de abril de 2024. Se trata de una vulnerabilidad de inyección de comandos en la función GlobalProtect del software PAN-OS de Palo Alto Networks, que afecta a versiones específicas de PAN-OS y configuraciones de funciones. Esta vuln…"
Q020,1,NVD,D_Toolformer,0.4,0.0,0.0,1.0,4.814,2841,"2/5 keywords: encontradas=['9.8', 'confluence'], faltantes=['critical', 'confluencia', 'ognl']",Sin señales de alucinación detectadas,"Markers texto: [] | Fuente estructurada: api_source=False, seed_nodes=False, sql=False",Sin errores detectados en el pipeline,total_react=4.81s iterations=1,"El score CVSS v3.1 de CVE-2022-26134 (Atlassian Confluence) es 9.8, lo que indica una severidad crítica. La vulnerabilidad permite a un atacante no autenticado ejecutar código arbitrario en instancias afectadas de Confluence Server y Data Center."
Q021,2,BOTH,D_Toolformer,0.3333,0.0,0.5,0.3,6.036,3002,"2/6 keywords: encontradas=['APT29', 'cozy bear'], faltantes=['T1566', 'phishing', 'T1078', 'russia']",Sin señales de alucinación detectadas,"Markers texto: ['nist', 'mitre', 'att&ck'] | Fuente estructurada: api_source=False, seed_nodes=False, sql=False",Error presente — la respuesta no lo reconoce explícitamente,total_react=6.04s iterations=1,"El grupo APT29, también conocido como Cozy Bear, utiliza varias técnicas del marco MITRE ATT&CK. Con la información recopilada, se ha identificado al menos una herramienta asociada a este grupo: **AADInternals** (S0677), que es un marco basado en PowerShell para administrar, enumerar y explotar Azur…"
Q022,2,BOTH,D_Toolformer,0.8,0.0,0.5,1.0,10.12,8823,"4/5 keywords: encontradas=['APT', 'phishing', 'T1566', 'grupo'], faltantes=['group']",Sin señales de alucinación detectadas,"Markers texto: ['mitre', 'att&ck', 'según'] | Fuente estructurada: api_source=False, seed_nodes=False, sql=False",Sin errores detectados en el pipeline,total_react=10.12s iterations=3,"Según el marco de MITRE ATT&CK, los grupos APT que utilizan la técnica T1566 (Phishing) incluyen al grupo Rancor, que ha llevado a cabo campañas dirigidas en la región del Sudeste Asiático, y el grupo Contagious Interview, alineado con Corea del Norte. También se menciona al grupo CURIUM, que es un …"
Q023,2,BOTH,D_Toolformer,0.4,0.0,0.5,0.3,7.955,9673,"2/5 keywords: encontradas=['lateral movement', 'remote services'], faltantes=['T1021', 'T1570', 'TA0008']",Sin señales de alucinación detectadas,"Markers texto: ['mitre', 'att&ck'] | Fuente estructurada: api_source=False, seed_nodes=False, sql=False",Error presente — la respuesta no lo reconoce explícitamente,total_react=7.96s iterations=4,"La táctica de Lateral Movement en el marco MITRE ATT&CK se refiere a las técnicas que los atacantes utilizan para moverse a través de una red después de haber obtenido acceso inicial. Aunque la información recopilada no proporciona una lista específica de técnicas relacionadas con Lateral Movement, …"
Q024,2,BOTH,D_Toolformer,0.2,0.0,0.5,0.3,6.862,10149,"1/5 keywords: encontradas=['ransomware'], faltantes=['backup', 'M1053', 'M1040', 'data protection']",Sin señales de alucinación detectadas,"Markers texto: ['mitre', 'att&ck', 'según'] | Fuente estructurada: api_source=False, seed_nodes=False, sql=False",Error presente — la respuesta no lo reconoce explícitamente,total_react=6.86s iterations=4,"La información recopilada hasta ahora no incluye recomendaciones específicas de mitigación para defenderse contra T1486 (ransomware) según el marco MITRE ATT&CK. Sin embargo, en general, las mitigaciones recomendadas para protegerse contra ransomware suelen incluir:

1. **Copias de seguridad regular…"
Q025,2,BOTH,D_Toolformer,0.1667,0.0,0.0,1.0,6.859,8590,"1/6 keywords: encontradas=['lazarus'], faltantes=['WannaCry', 'malware', 'DPRK', 'korea', 'S0']",Sin señales de alucinación detectadas,"Markers texto: [] | Fuente estructurada: api_source=False, seed_nodes=False, sql=False",Sin errores detectados en el pipeline,total_react=6.86s iterations=3,"El grupo Lazarus Group utiliza varias herramientas maliciosas, entre las cuales se destacan:

1. **Proxysvc**: Un DLL malicioso utilizado en la campaña conocida como Operation GhostSecret.
2. **FALLCHILL**: Un RAT (Remote Access Trojan) que ha sido utilizado por el grupo desde al menos 2016, dirigid…"
Q026,2,NVD,D_Toolformer,0.5,0.0,0.0,1.0,8.838,2066,"2/4 keywords: encontradas=['2022', '9.0'], faltantes=['critical', 'high']",Sin señales de alucinación detectadas,"Markers texto: [] | Fuente estructurada: api_source=False, seed_nodes=False, sql=False",Sin errores detectados en el pipeline,total_react=8.84s iterations=1,"En 2022, se publicaron un total de 3,697 CVEs que tienen un score CVSS v3 superior a 9.0."
Q027,2,NVD,D_Toolformer,0.4,0.0,0.5,1.0,14.913,7125,"2/5 keywords: encontradas=['log4j', 'apache'], faltantes=['log4shell', 'java', 'cpe']",Sin señales de alucinación detectadas,"Markers texto: ['nvd', 'nist', 'base de datos'] | Fuente estructurada: api_source=False, seed_nodes=False, sql=False",Sin errores detectados en el pipeline,total_react=14.91s iterations=3,"La vulnerabilidad CVE-2021-44228 afecta a Apache Log4j2 en las versiones desde 2.0-beta9 hasta 2.15.0, excluyendo las versiones de seguridad 2.12.2, 2.12.3 y 2.3.1. No se han registrado otros productos específicos asociados a esta vulnerabilidad en la base de datos NVD/NIST."
Q028,2,NVD,D_Toolformer,0.6667,0.0,0.5,0.8,3.476,2953,"2/3 keywords: encontradas=['sql injection', '2024'], faltantes=['CWE-89']",Sin señales de alucinación detectadas,"Markers texto: ['nvd', 'national vulnerability', 'database'] | Fuente estructurada: api_source=False, seed_nodes=False, sql=False",Error presente pero reconocido honestamente en la respuesta,total_react=3.48s iterations=1,"Lamentablemente, no tengo información sobre los 10 CVEs más recientes relacionados con vulnerabilidades de tipo SQL Injection publicados en 2024, ya que la única entrada que se ha proporcionado es un CVE de 2000. Para obtener la información más actualizada sobre vulnerabilidades, te recomendaría con…"
Q029,2,BOTH,D_Toolformer,0.8,0.0,0.0,1.0,9.313,8810,"4/5 keywords: encontradas=['APT', 'windows', 'linux', 'T1059'], faltantes=['execution']",Sin señales de alucinación detectadas,"Markers texto: [] | Fuente estructurada: api_source=False, seed_nodes=False, sql=False",Sin errores detectados en el pipeline,total_react=9.31s iterations=3,"Los grupos APT que utilizan la técnica de ejecución T1059.006 (Python) incluyen:

1. **FIN8**: Utiliza el malware PUNCHBUGGY, que ha sido observado atacando redes de POS en la industria de la hospitalidad.
2. **APT29**: Atribuido al Servicio de Inteligencia Exterior de Rusia (SVR), este grupo ha est…"
Q030,2,BOTH,D_Toolformer,1.0,0.0,0.0,1.0,12.49,8916,"4/4 keywords: encontradas=['apache', 'critical', '2023', 'CVE'], faltantes=[]",Sin señales de alucinación detectadas,"Markers texto: [] | Fuente estructurada: api_source=False, seed_nodes=False, sql=False",Sin errores detectados en el pipeline,total_react=12.49s iterations=3,No se encontraron CVEs de severidad CRITICAL relacionados con Apache publicados en 2023. Las búsquedas realizadas no devolvieron resultados relevantes para ese año específico.
Q031,2,MITRE,D_Toolformer,0.4,0.0,0.5,0.3,7.375,9461,"2/5 keywords: encontradas=['APT28', 'fancy bear'], faltantes=['exfiltration', 'T1041', 'russia']",Sin señales de alucinación detectadas,"Markers texto: ['mitre', 'att&ck'] | Fuente estructurada: api_source=False, seed_nodes=False, sql=False",Error presente — la respuesta no lo reconoce explícitamente,total_react=7.38s iterations=4,"APT28, también conocido como Fancy Bear, utiliza diversas técnicas en sus operaciones, muchas de las cuales están documentadas en el marco MITRE ATT&CK. Algunas de las técnicas relevantes que podrían estar relacionadas con la exfiltración de datos incluyen:

1. **Spearphishing Link (T1598.003)**: Es…"
Q032,2,MITRE,D_Toolformer,0.4,0.0,0.5,1.0,7.875,4867,"2/5 keywords: encontradas=['credential access', 'técnicas'], faltantes=['TA0006', 'T1110', 'brute force']",Sin señales de alucinación detectadas,"Markers texto: ['mitre', 'att&ck', 'base de datos'] | Fuente estructurada: api_source=False, seed_nodes=False, sql=False",Sin errores detectados en el pipeline,total_react=7.88s iterations=3,"No se pudo determinar cuántas técnicas tiene la táctica 'Credential Access' en MITRE ATT&CK Enterprise, ya que la información específica sobre las técnicas no está disponible en la base de datos consultada."
Q033,2,NVD,D_Toolformer,0.5,0.0,0.0,1.0,18.123,2538,"2/4 keywords: encontradas=['10.0', '2024'], faltantes=['critical', 'máximo']",Sin señales de alucinación detectadas,"Markers texto: [] | Fuente estructurada: api_source=False, seed_nodes=False, sql=False",Sin errores detectados en el pipeline,total_react=18.12s iterations=1,"El CVE con el mayor CVSS score publicado en 2024 es **CVE-2024-56064**, con un score de 10.0, publicado el 31 de diciembre de 2024. Otros CVEs con el mismo score de 10.0 incluyen **CVE-2024-56046**, **CVE-2024-56799**, **CVE-2023-4617**, **CVE-2024-54261**, **CVE-2024-21577**, **CVE-2024-21576**, **…"
Q034,2,MITRE,D_Toolformer,0.6667,0.0,0.5,0.3,6.462,9212,"4/6 keywords: encontradas=['T1486', 'T1490', 'ransomware', 'impact'], faltantes=['T1489', 'encryption']",Sin señales de alucinación detectadas,"Markers texto: ['mitre', 'att&ck', 'base de datos'] | Fuente estructurada: api_source=False, seed_nodes=False, sql=False",Error presente — la respuesta no lo reconoce explícitamente,total_react=6.46s iterations=4,"La información recopilada hasta ahora no incluye detalles específicos sobre las técnicas de MITRE ATT&CK asociadas a ataques de ransomware. Sin embargo, en general, algunas de las técnicas comúnmente asociadas a ataques de ransomware incluyen:

1. **T1486 - Data Encrypted for Impact**: Esta técnica …"
Q035,2,BOTH,D_Toolformer,0.6,0.0,0.5,1.0,35.746,2830,"3/5 keywords: encontradas=['APT41', 'software', 'china'], faltantes=['G0096', 'malware']",Sin señales de alucinación detectadas,"Markers texto: ['mitre', 'att&ck', 'según'] | Fuente estructurada: api_source=False, seed_nodes=False, sql=False",Sin errores detectados en el pipeline,total_react=35.75s iterations=1,"APT41 está asociado con las siguientes herramientas según MITRE ATT&CK:

1. **BITSAdmin** (S0190): Una herramienta de línea de comandos utilizada para crear y gestionar trabajos de BITS.
   - [Más información](https://attack.mitre.org/software/S0190)

2. **MOPSLED** (S1221): Un backdoor modular basa…"
Q036,2,NVD,D_Toolformer,1.0,0.0,0.5,1.0,8.484,2084,"3/3 keywords: encontradas=['buffer overflow', 'CWE-120', 'CWE-121'], faltantes=[]",Sin señales de alucinación detectadas,"Markers texto: ['nvd', 'nist', 'según'] | Fuente estructurada: api_source=False, seed_nodes=False, sql=False",Sin errores detectados en el pipeline,total_react=8.48s iterations=1,"Según los resultados obtenidos de la base de datos NVD/NIST, existen un total de 4803 vulnerabilidades de tipo 'buffer overflow', correspondientes a las categorías CWE-120 y CWE-121."
Q037,2,MITRE,D_Toolformer,0.6667,0.0,0.5,0.3,7.787,9698,"4/6 keywords: encontradas=['T1059', 'log', 'monitor', 'script'], faltantes=['detection', 'command line']",Sin señales de alucinación detectadas,"Markers texto: ['nist', 'mitre', 'att&ck'] | Fuente estructurada: api_source=False, seed_nodes=False, sql=False",Error presente — la respuesta no lo reconoce explícitamente,total_react=7.79s iterations=4,"La técnica T1059 de MITRE ATT&CK, que se refiere a ""Command and Scripting Interpreter"", abarca el uso de intérpretes de comandos y scripts para ejecutar comandos en sistemas comprometidos. Aunque no se han recuperado detecciones específicas para esta técnica en la información proporcionada, se puede…"
Q038,2,NVD,D_Toolformer,0.8,0.0,0.25,0.3,12.385,2540,"4/5 keywords: encontradas=['porcentaje', 'high', 'critical', '2023'], faltantes=['percent']",Sin señales de alucinación detectadas,"Markers texto: ['base de datos'] | Fuente estructurada: api_source=False, seed_nodes=False, sql=False",Error presente — la respuesta no lo reconoce explícitamente,total_react=12.38s iterations=1,"En el año 2023, se han registrado un total de 30,949 vulnerabilidades en la base de datos local. De estas, 13,510 vulnerabilidades han sido clasificadas con severidad HIGH o CRITICAL. 

Para calcular el porcentaje de vulnerabilidades con severidad HIGH o CRITICAL, utilizamos la siguiente fórmula:

\…"
Q039,2,MITRE,D_Toolformer,0.0,0.0,0.5,1.0,5.013,3052,"0/6 keywords: encontradas=[], faltantes=['Lazarus', 'APT38', 'G0032', 'DPRK', 'korea', 'kimsuky']",Sin señales de alucinación detectadas,"Markers texto: ['mitre', 'att&ck', 'base de datos'] | Fuente estructurada: api_source=False, seed_nodes=False, sql=False",Sin errores detectados en el pipeline,total_react=5.01s iterations=2,No se encontró información sobre grupos APT asociados a Corea del Norte en la base de datos de MITRE ATT&CK. Es posible que esta información no esté disponible en la base de datos local.
Q040,2,NVD,D_Toolformer,0.25,0.0,0.5,1.0,29.384,2587,"1/4 keywords: encontradas=['cpe'], faltantes=['critical', 'top', 'más vulnerabilidades']",Sin señales de alucinación detectadas,"Markers texto: ['nvd', 'base de datos'] | Fuente estructurada: api_source=False, seed_nodes=False, sql=False",Sin errores detectados en el pipeline,total_react=29.38s iterations=1,"Los 5 productos (CPE) con más CVEs críticos registrados en la base de datos local son:

1. **Apple macOS**  
   CPE: `cpe:2.3:o:apple:macos:*:*:*:*:*:*:*:*`  
   Número de CVEs críticos: **143**

2. **Microsoft Windows**  
   CPE: `cpe:2.3:o:microsoft:windows:-:*:*:*:*:*:*:*`  
   Número de CVEs crí…"
Q041,3,BOTH,D_Toolformer,0.25,0.0,0.5,0.3,8.913,10326,"2/8 keywords: encontradas=['APT29', 'CVE-2023-23397'], faltantes=['outlook', 'NTLM', 'T1566', 'mitigación', 'MFA', 'patch']",Sin señales de alucinación detectadas,"Markers texto: ['nist', 'mitre', 'att&ck'] | Fuente estructurada: api_source=False, seed_nodes=False, sql=False",Error presente — la respuesta no lo reconoce explícitamente,total_react=8.91s iterations=4,"El grupo APT29, también conocido como Cozy Bear, es conocido por sus sofisticadas técnicas de intrusión y explotación. En el caso de la vulnerabilidad CVE-2023-23397, que se relaciona con la explotación de Azure Active Directory, es probable que APT29 esté utilizando varias técnicas del marco MITRE …"
Q042,3,BOTH,D_Toolformer,0.3333,0.0,0.5,1.0,11.977,7637,"2/6 keywords: encontradas=['log4shell', 'APT'], faltantes=['T1190', 'initial access', 'RCE', 'exploitation']",Sin señales de alucinación detectadas,"Markers texto: ['mitre', 'att&ck', 'base de datos'] | Fuente estructurada: api_source=False, seed_nodes=False, sql=False",Sin errores detectados en el pipeline,total_react=11.98s iterations=3,"La vulnerabilidad CVE-2021-44228, conocida como Log4Shell, permite a un atacante ejecutar código arbitrario a través de características JNDI en Apache Log4j2. Esta vulnerabilidad tiene un puntaje CVSS de 10.0, lo que la clasifica como crítica. En cuanto a las técnicas de MITRE ATT&CK asociadas, se h…"
Q043,3,BOTH,D_Toolformer,0.6667,0.0,0.0,0.3,13.279,10595,"4/6 keywords: encontradas=['T1486', 'ransomware', 'CVE', 'impacto'], faltantes=['initial access', 'critical']",Sin señales de alucinación detectadas,"Markers texto: [] | Fuente estructurada: api_source=False, seed_nodes=False, sql=False",Error presente — la respuesta no lo reconoce explícitamente,total_react=13.28s iterations=4,"El ataque de ransomware que utiliza la técnica T1486, que se refiere a la encriptación de archivos, puede tener un impacto devastador en las organizaciones, ya que puede resultar en la pérdida de datos críticos, interrupciones operativas y costos significativos relacionados con la recuperación y el …"
Q044,3,BOTH,D_Toolformer,0.5714,0.0,0.5,0.3,9.113,6695,"4/7 keywords: encontradas=['APT', 'técnicas', 'CVE', 'estado-nación'], faltantes=['T1566', 'T1078', 'T1059']",Sin señales de alucinación detectadas,"Markers texto: ['mitre', 'att&ck'] | Fuente estructurada: api_source=False, seed_nodes=False, sql=False",Error presente — la respuesta no lo reconoce explícitamente,total_react=9.11s iterations=4,"Con la información recopilada hasta ahora, no se han identificado las tres técnicas más utilizadas por grupos APT de estado-nación ni las vulnerabilidades críticas (CVE) asociadas a ellas. Sin embargo, se ha encontrado una técnica del marco MITRE ATT&CK:

1. **Técnica T1033 - System Owner/User Disco…"
Q045,3,BOTH,D_Toolformer,0.2857,0.0,0.0,1.0,15.792,7903,"2/7 keywords: encontradas=['T1021', 'CVE'], faltantes=['lateral movement', 'remote services', 'SMB', 'RDP', 'parche']",Sin señales de alucinación detectadas,"Markers texto: [] | Fuente estructurada: api_source=False, seed_nodes=False, sql=False",Sin errores detectados en el pipeline,total_react=15.79s iterations=3,El CVE que debería priorizar el equipo SOC para contener el movimiento lateral relacionado con T1021 es **CVE-2018-20735**. Este CVE se refiere a un problema en el agente BMC PATROL que permite el movimiento lateral y el escalado de privilegios dentro de un entorno de Windows Active Directory. Un us…
Q046,3,BOTH,D_Toolformer,0.0,0.0,0.5,0.3,17.407,8566,"0/5 keywords: encontradas=[], faltantes=['CVSS 10.0', 'initial access', 'T1190', 'exploit', 'critical']",Sin señales de alucinación detectadas,"Markers texto: ['mitre', 'att&ck'] | Fuente estructurada: api_source=False, seed_nodes=False, sql=False",Error presente — la respuesta no lo reconoce explícitamente,total_react=17.41s iterations=4,"Las vulnerabilidades con un CVSS score de 10.0 son consideradas críticas y pueden ser explotadas por adversarios para obtener acceso inicial a sistemas. En el contexto del marco MITRE ATT&CK, estas vulnerabilidades pueden relacionarse con varias tácticas de acceso inicial, aunque la información espe…"
Q047,3,BOTH,D_Toolformer,0.3333,0.0,0.0,1.0,26.718,5596,"2/6 keywords: encontradas=['APT28', 'microsoft'], faltantes=['outlook', 'CVE-2023-23397', 'T1566', 'fancy bear']",Sin señales de alucinación detectadas,"Markers texto: [] | Fuente estructurada: api_source=False, seed_nodes=False, sql=False",Sin errores detectados en el pipeline,total_react=26.72s iterations=2,"El grupo APT28 utiliza varias técnicas, entre ellas la explotación de servicios remotos (T1210) y el spearphishing (T1598.003). En cuanto a las vulnerabilidades críticas en Microsoft que deberían monitorizarse para detectar sus campañas, se destacan las siguientes:

1. **CVE-2022-21846**: Afecta a v…"
Q048,3,BOTH,D_Toolformer,0.5714,0.0,0.25,0.3,7.276,10277,"4/7 keywords: encontradas=['T1059', 'powershell', 'windows', 'parche'], faltantes=['mitigación', 'M1038', 'M1042']",Sin señales de alucinación detectadas,"Markers texto: ['fuente'] | Fuente estructurada: api_source=False, seed_nodes=False, sql=False",Error presente — la respuesta no lo reconoce explícitamente,total_react=7.28s iterations=4,"Para mitigar el riesgo asociado con el uso de PowerShell (T1059) y la presencia de CVEs críticos sin parchear en sistemas Windows, se pueden considerar las siguientes recomendaciones:

1. **Aplicar Parcheo Inmediato**: Priorizar la aplicación de parches para las vulnerabilidades críticas identificad…"
Q049,3,BOTH,D_Toolformer,0.7143,0.0,0.5,0.3,9.009,6489,"5/7 keywords: encontradas=['log4shell', 'follina', 'CVSS', 'comparación', 'riesgo'], faltantes=['T1190', 'T1203']",Sin señales de alucinación detectadas,"Markers texto: ['mitre', 'att&ck'] | Fuente estructurada: api_source=False, seed_nodes=False, sql=False",Error presente — la respuesta no lo reconoce explícitamente,total_react=9.01s iterations=4,"Para comparar el nivel de riesgo entre CVE-2021-44228 (Log4Shell) y CVE-2022-30190 (Follina), es importante considerar tanto la gravedad de las vulnerabilidades como las técnicas MITRE ATT&CK que habilitan.

### CVE-2021-44228 (Log4Shell)
- **CVSS**: 10.0 (máxima gravedad)
- **Descripción**: Esta vu…"
Q050,3,BOTH,D_Toolformer,0.2857,0.0,0.5,1.0,11.975,9145,"2/7 keywords: encontradas=['APT', 'técnica'], faltantes=['kill chain', 'initial access', 'lateral movement', 'exfiltration', 'CVE-2024']",Sin señales de alucinación detectadas,"Markers texto: ['mitre', 'att&ck'] | Fuente estructurada: api_source=False, seed_nodes=False, sql=False",Sin errores detectados en el pipeline,total_react=11.97s iterations=3,"Un grupo APT podría utilizar una cadena de ataque que involucre varias técnicas documentadas en MITRE ATT&CK, como:

1. **T1033 - System Owner/User Discovery**: Identificar usuarios y sistemas para planificar el ataque.
2. **T1578.001 - Create Snapshot**: Crear copias de seguridad o instantáneas en …"
